NAME,MEMBER_ID,PERSON_ID,PARTY,CONSTITUENCY
Bridget Phillipson,40323,24709,Labour,Houghton and Sunderland South
Sharon Hodgson,40636,11592,Labour,Washington and Sunderland West
Julie Elliott,40592,24710,Labour,Sunderland Central
Naomi Long,40068,13814,Alliance,Belfast East
Ian Paisley Jnr,40428,13852,DUP,North Antrim
Pat Doherty,40653,10858,Sinn Fein,West Tyrone
Kevan Jones,40434,11003,Labour,North Durham
Steve Webb,40606,10626,Liberal Democrat,Thornbury and Yate
Jenny Chapman,40196,24711,Labour,Darlington
Jeffrey M Donaldson,40350,10172,DUP,Lagan Valley
Hywel Williams,40045,11323,Plaid Cymru,Arfon
Chris Skidmore,40347,24713,Conservative,Kingswood
Charles Walker,40129,11461,Conservative,Broxbourne
Tom Greatrex,40514,24714,Labour,Rutherglen and Hamilton West
David Simpson,40620,11892,DUP,Upper Bann
Grahame Morris,40222,24715,Labour,Easington
Adrian Sanders,40611,10527,Liberal Democrat,Torbay
Justine Greening,40490,11771,Conservative,Putney
Lady Hermon,40433,10958,Independent,North Down
Jack Lopresti,40260,24716,Conservative,Filton and Bradley Stoke
Frank Roy,40412,10517,Labour,Motherwell and Wishaw
Phil Wilson,40521,13933,Labour,Sedgefield
Albert Owen,40681,11148,Labour,Ynys Mon
Chris Ruane,40622,10518,Labour,Vale of Clwyd
Michael McCann,40228,24717,Labour,East Kilbride| Strathaven and Lesmahagow
Menzies Campbell,40438,10088,Liberal Democrat,North East Fife
Roberta Blackman-Woods,40174,11558,Labour,City of Durham
Gordon Brown,40348,10068,Labour,Kirkcaldy and Cowdenbeath
Jane Ellison,40064,24719,Conservative,Battersea
Susan Elan Jones,40177,24720,Labour,Clwyd South
Nia Griffith,40375,11692,Labour,Llanelli
David Laws,40680,11036,Liberal Democrat,Yeovil
Chris Evans,40336,24721,Labour,Islwyn
Christopher Chope,40171,10103,Conservative,Christchurch
Sammy Wilson,40223,11374,DUP,East Antrim
Fiona O'Donnell,40230,24723,Labour,East Lothian
Jimmy Hood,40351,10285,Labour,Lanark and Hamilton East
Angus MacNeil,40413,12004,Scottish National Party,Na h-Eileanan an Iar
Kenneth Clarke,40513,10115,Conservative,Rushcliffe
Jim McGovern,40216,11974,Labour,Dundee West
Lindsay Roy,40278,14142,Labour,Glenrothes
Anne Milton,40288,11603,Conservative,Guildford
Andrew Selous,40557,11216,Conservative,South West Bedfordshire
Karen Bradley,40574,24725,Conservative,Staffordshire Moorlands
Sadiq Khan,40610,11878,Labour,Tooting
Ian Lucas,40675,11057,Labour,Wrexham
Vernon Coaker,40269,10121,Labour,Gedling
Cathy Jamieson,40342,24726,Labour,Kilmarnock and Loudoun
Richard Benyon,40418,11727,Conservative,Newbury
Michael Fallon,40524,10194,Conservative,Sevenoaks
Alasdair McDonnell,40070,11402,Social Democratic and Labour Party,Belfast South
Douglas Carswell,40175,11621,Conservative,Clacton
David Wright,40601,11340,Labour,Telford
Mark Pritchard,40604,11946,Conservative,The Wrekin
Nick Smith,40094,24728,Labour,Blaenau Gwent
Tom Clarke,40179,10116,Labour,Coatbridge| Chryston and Bellshill
Eric Joyce,40255,10685,Labour,Falkirk
Julian Brazier,40144,10065,Conservative,Canterbury
Michael Weir,40044,11312,Scottish National Party,Angus
Gavin Williamson,40553,24729,Conservative,South Staffordshire
Rebecca Harris,40153,24731,Conservative,Castle Point
Thomas Docherty,40217,24730,Labour,Dunfermline and West Fife
Ben Bradshaw,40254,10061,Labour,Exeter
Philip Hollobone,40341,11661,Conservative,Kettering
Nicky Morgan,40376,24732,Conservative,Loughborough
Jessica Morden,40423,11732,Labour,Newport East
Nigel Evans,40498,10190,Conservative,Ribble Valley
Richard Bacon,40549,10707,Conservative,South Norfolk
Guto Bebb,40035,24736,Conservative,Aberconwy
Pamela Nash,40038,24737,Labour,Airdrie and Shotts
Helen Goodman,40089,11421,Labour,Bishop Auckland
Stephen Dorrell,40158,10175,Conservative,Charnwood
Gregg McClymont,40193,24733,Labour,Cumbernauld| Kilsyth and Kirkintilloch East
Stewart Hosie,40215,11973,Scottish National Party,Dundee East
Margaret Curran,40272,24734,Labour,Glasgow East
Derek Twigg,40294,10610,Labour,Halton
Mark Prisk,40313,11172,Conservative,Hertford and Stortford
Graeme Morrice,40374,24735,Labour,Livingston
Douglas Alexander,40474,10661,Labour,Paisley and Renfrewshire South
Sian James,40596,11863,Labour,Swansea East
David Crausby,40099,10141,Labour,Bolton North East
Mark Williams,40157,11489,Liberal Democrat,Ceredigion
Hugo Swire,40224,11265,Conservative,East Devon
Anas Sarwar,40271,24738,Labour,Glasgow Central
Glyn Davies,40408,24739,Conservative,Montgomeryshire
Andrew Bridgen,40453,24741,Conservative,North West Leicestershire
Alun Cairns,40623,24740,Conservative,Vale of Glamorgan
Oliver Letwin,40648,10355,Conservative,West Dorset
Mark Durkan,40264,11589,Social Democratic and Labour Party,Foyle
David Hamilton,40402,10934,Labour,Midlothian
David Lidington,40051,10361,Conservative,Aylesbury
Ian Liddell-Grainger,40118,11048,Conservative,Bridgwater and West Somerset
Wayne David,40137,10842,Labour,Caerphilly
Jonathan Edwards,40150,24743,Plaid Cymru,Carmarthen East and Dinefwr
Cheryl Gillan,40164,10228,Conservative,Chesham and Amersham
Damian Collins,40262,24744,Conservative,Folkestone and Hythe
Andrew Bingham,40317,24748,Conservative,High Peak
Alan Johnson,40346,10314,Labour,Kingston upon Hull West and Hessle
Michael Connarty,40369,10128,Labour,Linlithgow and East Falkirk
Marcus Jones,40463,24745,Conservative,Nuneaton
Jim Sheridan,40473,11221,Labour,Paisley and Renfrewshire North
Stephen Metcalfe,40540,24749,Conservative,South Basildon and East Thurrock
Anne McGuire,40577,10388,Labour,Stirling
Alex Cunningham,40579,24742,Labour,Stockton North
Christopher Pincher,40598,24747,Conservative,Tamworth
Brooks Newmark,40111,11443,Conservative,Braintree
Stephen Mosley,40173,24750,Conservative,City of Chester
Ann McKechin,40273,11076,Labour,Glasgow North
Michael Penning,40308,11626,Conservative,Hemel Hempstead
James Clappison,40314,10106,Conservative,Hertsmere
Graham Allen,40461,10008,Labour,Nottingham North
Huw Irranca-Davies,40465,11347,Labour,Ogmore
Pete Wishart,40478,11333,Scottish National Party,Perth and North Perthshire
David Heath,40538,10269,Liberal Democrat,Somerton and Frome
William McCrea,40539,10679,DUP,South Antrim
Geraint Davies,40597,10159,Labour,Swansea West
Elfyn Llwyd,40218,10368,Plaid Cymru,Dwyfor Meirionnydd
Adam Holloway,40284,11599,Conservative,Gravesham
Natascha Engel,40437,11534,Labour,North East Derbyshire
Gordon Marsden,40093,10415,Labour,Blackpool South
Jim Murphy,40231,10453,Labour,East Renfrewshire
Michael Fabricant,40367,10193,Conservative,Lichfield
Stephen Lloyd,40235,24754,Liberal Democrat,Eastbourne
Christopher Huhne,40236,11565,Liberal Democrat,Eastleigh
Michael Dugher,40057,24762,Labour,Barnsley East
Graham Stuart,40076,11406,Conservative,Beverley and Holderness
Daniel Poulter,40156,24756,Conservative,Central Suffolk and North Ipswich
Caroline Flint,40206,10202,Labour,Don Valley
Greg Knight,40234,11026,Conservative,East Yorkshire
Sheila Gilmore,40238,24763,Labour,Edinburgh East
Jessica Lee,40251,24757,Conservative,Erewash
Ian Davidson,40277,10157,Labour,Glasgow South West
Andrew Jones,40299,24758,Conservative,Harrogate and Knaresborough
Iain Wright,40302,11362,Labour,Hartlepool
Dai Havard,40392,10944,Labour,Merthyr Tydfil and Rhymney
Paul Flynn,40424,10203,Labour,Newport West
Andrew Stephenson,40475,24759,Conservative,Pendle
Jeremy Lefroy,40573,24760,Conservative,Stafford
Sarah Wollaston,40614,24761,Conservative,Totnes
Tony Cunningham,40672,10834,Labour,Workington
Ben Wallace,40677,11668,Conservative,Wyre and Preston North
Gregory Barker,40077,10713,Conservative,Bexhill and Battle
Paul Maynard,40092,24764,Conservative,Blackpool North and Cleveleys
Mark Simmonds,40103,11224,Conservative,Boston and Skegness
David Tredinnick,40104,10602,Conservative,Bosworth
Phillip Lee,40107,24765,Conservative,Bracknell
Stephen O'Brien,40237,10670,Conservative,Eddisbury
Nicholas Boles,40283,24766,Conservative,Grantham and Stamford
Karl Turner,40344,24767,Labour,Kingston upon Hull East
George Howarth,40349,10292,Labour,Knowsley
Liam Fox,40445,10213,Conservative,North Somerset
Roger Gale,40447,10217,Conservative,North Thanet
Heather Wheeler,40542,24769,Conservative,South Derbyshire
Kwasi Kwarteng,40567,24770,Conservative,Spelthorne
Therese Coffey,40591,24771,Conservative,Suffolk Coastal
Jeremy Browne,40600,11869,Liberal Democrat,Taunton Deane
John Penrose,40657,11924,Conservative,Weston-Super-Mare
Anna Soubry,40130,24772,Conservative,Broxtowe
Simon Burns,40161,10079,Conservative,Chelmsford
Tom Harris,40276,10941,Labour,Glasgow South
Martin Caton,40282,10096,Labour,Gower
Stephen Hepburn,40337,10274,Labour,Jarrow
David Miliband,40552,11113,Labour,South Shields
Jeremy Hunt,40561,11859,Conservative,South West Surrey
Matthew Hancock,40652,24773,Conservative,West Suffolk
David Cameron,40665,10777,Conservative,Witney
Martin McGuinness,40398,10387,Sinn Fein,Mid Ulster
Angus Robertson,40409,11189,Scottish National Party,Moray
Robert Goodwill,40519,11804,Conservative,Scarborough and Whitby
Andrew Lansley,40541,10349,Conservative,South Cambridgeshire
Jim Shannon,40586,13864,DUP,Strangford
Andrew Mitchell,40595,11115,Conservative,Sutton Coldfield
David Willetts,40305,10637,Conservative,Havant
Nadine Dorries,40393,11397,Conservative,Mid Bedfordshire
Lilian Greenwood,40462,24774,Labour,Nottingham South
Hywel Francis,40034,10900,Labour,Aberavon
Mark Tami,40042,11267,Labour,Alyn and Deeside
Yasmin Qureshi,40100,24775,Labour,Bolton South East
Madeleine Moon,40117,11450,Labour,Bridgend
David Hanson,40199,10259,Labour,Delyn
Edward Miliband,40208,11545,Labour,Doncaster North
Charlie Elphicke,40209,24777,Conservative,Dover
Alistair Darling,40241,10153,Labour,Edinburgh South West
Andrew Turner,40333,11291,Conservative,Isle of Wight
Norman Baker,40362,10022,Liberal Democrat,Lewes
Peter Hain,40414,10252,Labour,Neath
Chris Bryant,40497,10761,Labour,Rhondda
Margaret Ritchie,40544,13856,Social Democratic and Labour Party,South Down
Priti Patel,40664,24778,Conservative,Witham
John Robertson,40275,10684,Labour,Glasgow North West
Julian Lewis,40415,10358,Conservative,New Forest East
Neil Parish,40608,24779,Conservative,Tiverton and Honiton
David Jones,40178,11506,Conservative,Clwyd West
Kevin Barron,40508,10027,Labour,Rother Valley
Conor Burns,40106,24780,Conservative,Bournemouth West
Roger Williams,40112,11324,Liberal Democrat,Brecon and Radnorshire
Jennifer Willott,40145,11480,Liberal Democrat,Cardiff Central
Rosie Winterton,40207,10648,Labour,Doncaster Central
Jo Swinson,40225,11971,Liberal Democrat,East Dunbartonshire
Damian Hinds,40227,24782,Conservative,East Hampshire
Mark Lazarowicz,40239,11038,Labour,Edinburgh North and Leith
William Bain,40274,24697,Labour,Glasgow North East
Robert Halfon,40298,24784,Conservative,Harlow
John Howell,40311,14131,Conservative,Henley
Peter Tapsell,40377,10583,Conservative,Louth and Horncastle
Philip Hammond,40512,10257,Conservative,Runnymede and Weybridge
Harriett Baldwin,40654,24785,Conservative,West Worcestershire
Steven Baker,40676,24786,Conservative,Wycombe
Richard Fuller,40067,24787,Conservative,Bedford
Shabana Mahmood,40084,24788,Labour,Birmingham| Ladywood
Tobias Ellwood,40105,11437,Conservative,Bournemouth East
Edward Timpson,40189,14128,Conservative,Crewe and Nantwich
Sam Gyimah,40232,24789,Conservative,East Surrey
Karl McCartney,40368,24790,Conservative,Lincoln
John Whittingdale,40385,10632,Conservative,Maldon
Patrick Mercer,40417,11109,Conservative,Newark
Christopher Leslie,40460,10354,Labour,Nottingham East
Andrew Smith,40471,10545,Labour,Oxford East
Laura Sandys,40556,24792,Conservative,South Thanet
Damian Green,40049,10241,Conservative,Ashford
Sandra Osborne,40052,10467,Labour,Ayr| Carrick and Cumnock
Don Foster,40062,10208,Liberal Democrat,Bath
Dennis Skinner,40098,10544,Labour,Bolsover
Gordon Birtwistle,40132,24793,Liberal Democrat,Burnley
David Ruffley,40136,10520,Conservative,Bury St Edmunds
John Thurso,40138,11280,Liberal Democrat,Caithness| Sutherland and Easter Ross
Ann Clwyd,40194,10120,Labour,Cynon Valley
Michael Crockart,40242,24794,Liberal Democrat,Edinburgh West
Eleanor Laing,40249,10348,Conservative,Epping Forest
Amber Rudd,40304,24795,Conservative,Hastings and Rye
Helen Grant,40383,24796,Conservative,Maidstone and The Weald
Owen Smith,40482,24797,Labour,Pontypridd
Crispin Blunt,40496,10051,Conservative,Reigate
William Hague,40499,10251,Conservative,Richmond (Yorks)
Nicholas Dakin,40520,24798,Labour,Scunthorpe
Michael Gove,40593,11858,Conservative,Surrey Heath
Charles Hendry,40639,10955,Conservative,Wealden
Anne Begg,40037,10032,Labour,Aberdeen South
Stephen Williams,40125,11458,Liberal Democrat,Bristol West
John Stevenson,40149,24799,Conservative,Carlisle
Paul Beresford,40406,10041,Conservative,Mole Valley
Conor Murphy,40425,11734,Sinn Fein,Newry and Armagh
Alison Seabeck,40480,11760,Labour,Plymouth| Moor View
Lorraine Fullbrook,40551,24801,Conservative,South Ribble
George Osborne,40599,11145,Conservative,Tatton
David Anderson,40095,11427,Labour,Blaydon
Nick Gibb,40097,10225,Conservative,Bognor Regis and Littlehampton
Eric Pickles,40116,10477,Conservative,Brentwood and Ongar
Kevin Brennan,40148,10753,Labour,Cardiff West
Brian H Donohoe,40154,10173,Labour,Central Ayrshire
Henry Smith,40188,24802,Conservative,Crawley
Gareth Johnson,40197,24803,Conservative,Dartford
Patrick McLoughlin,40203,10397,Conservative,Derbyshire Dales
Chris Grayling,40250,10920,Conservative,Epsom and Ewell
Mark Menzies,40265,24804,Conservative,Fylde
Edward Leigh,40266,10352,Conservative,Gainsborough
Kelvin Hopkins,40379,10288,Labour,Luton North
Yvonne Fovargue,40384,24805,Labour,Makerfield
Alan Meale,40389,10428,Labour,Mansfield
Chi Onwurah,40419,24807,Labour,Newcastle upon Tyne Central
Nick Brown,40420,10069,Labour,Newcastle upon Tyne East
Anne-Marie Morris,40426,24912,Conservative,Newton Abbot
Nick Harvey,40431,10262,Liberal Democrat,North Devon
Norman Lamb,40443,11032,Liberal Democrat,North Norfolk
Simon Danczuk,40501,24808,Labour,Rochdale
Caroline Nokes,40505,24809,Conservative,Romsey and Southampton North
Tim Yeo,40554,10658,Conservative,South Suffolk
Andrew Murrison,40562,11132,Conservative,South West Wiltshire
John Pugh,40566,11174,Liberal Democrat,Southport
Paul Murphy,40612,10454,Labour,Torfaen
Greg Clark,40617,11884,Conservative,Tunbridge Wells
Edward Vaizey,40631,11905,Conservative,Wantage
Peter Bone,40641,11915,Conservative,Wellingborough
Grant Shapps,40643,11917,Conservative,Welwyn Hatfield
John Healey,40644,10268,Labour,Wentworth and Dearne
Richard Shepherd,40040,10537,Conservative,Aldridge-Brownhills
Gloria De Piero,40048,24811,Labour,Ashfield
Eilidh Whiteford,40054,24812,Scottish National Party,Banff and Buchan
Dominic Grieve,40065,10243,Conservative,Beaconsfield
Simon Hart,40151,24813,Conservative,Carmarthen West and South Pembrokeshire
Martin Vickers,40176,24814,Conservative,Cleethorpes
Margaret Beckett,40202,10031,Labour,Derby South
David Mundell,40214,11970,Conservative,Dumfriesshire| Clydesdale and Tweeddale
Dominic Raab,40253,24815,Conservative,Esher and Walton
Mark Harper,40263,11588,Conservative,Forest of Dean
Liz Kendall,40360,24816,Labour,Leicester West
George Freeman,40396,24817,Conservative,Mid Norfolk
David Davies,40407,11719,Conservative,Monmouth
Catherine McKinnell,40421,24818,Labour,Newcastle upon Tyne North
Katy Clark,40429,11963,Labour,North Ayrshire and Arran
Ian Swales,40494,24819,Liberal Democrat,Redcar
Daniel Kawczynski,40532,11817,Conservative,Shrewsbury and Atcham
John Hayes,40547,10265,Conservative,South Holland and The Deepings
Joan Walley,40582,10619,Labour,Stoke-on-Trent North
Jack Straw,40090,10574,Labour,Blackburn
Andrew Tyrie,40166,10613,Conservative,Chichester
Russell Brown,40213,10070,Labour,Dumfries and Galloway
David Rutley,40381,24820,Conservative,Macclesfield
Pauline Latham,40394,24821,Conservative,Mid Derbyshire
Desmond Swayne,40416,10580,Conservative,New Forest West
Stewart Jackson,40479,11759,Conservative,Peterborough
Nadhim Zahawi,40587,24822,Conservative,Stratford-on-Avon
Geoffrey Clifton-Brown,40603,10119,Conservative,The Cotswolds
John Spellar,40632,10558,Labour,Warley
Mark Garnier,40678,24824,Conservative,Wyre Forest
Jack Dromey,40081,24825,Labour,Birmingham| Erdington
Andrew Griffiths,40133,24826,Conservative,Burton
Jesse Norman,40312,24827,Conservative,Hereford and South Herefordshire
Gordon Henderson,40533,24828,Conservative,Sittingbourne and Sheppey
Andrea Leadsom,40550,24829,Conservative,South Northamptonshire
Robert Smith,40645,10552,Liberal Democrat,West Aberdeenshire and Kincardine
Tom Watson,40646,11309,Labour,West Bromwich East
Chris Williamson,40201,24830,Labour,Derby North
Lisa Nandy,40658,24831,Labour,Wigan
Andrew Percy,40119,24832,Conservative,Brigg and Goole
Kerry McCarthy,40122,11455,Labour,Bristol East
Tom Brake,40152,10063,Liberal Democrat,Carshalton and Wallington
Andrew Love,40243,10372,Labour,Edmonton
Austin Mitchell,40285,10436,Labour,Great Grimsby
Graham Jones,40327,24835,Labour,Hyndburn
Danny Alexander,40331,11995,Liberal Democrat,Inverness| Nairn| Badenoch and Strathspey
James Gray,40455,10240,Conservative,North Wiltshire
Brian Binley,40457,11742,Conservative,Northampton South
Gordon Banks,40464,12005,Labour,Ochil and South Perthshire
Stephen Phillips,40535,24836,Conservative,Sleaford and North Hykeham
Anne Main,40568,11798,Conservative,St Albans
Gerald Howarth,40039,10293,Conservative,Aldershot
John Woodcock,40058,24837,Labour,Barrow and Furness
Chris Kelly,40211,24838,Conservative,Dudley South
David Davis,40293,10162,Conservative,Haltemprice and Howden
Jim Dobbin,40316,10170,Labour,Heywood and Middleton
Stephen Crabb,40487,11768,Conservative,Preseli Pembrokeshire
John Glen,40518,24839,Conservative,Salisbury
Neil Carmichael,40590,24840,Conservative,Stroud
John Stanley,40609,10563,Conservative,Tonbridge and Malling
Adrian Bailey,40647,10683,Labour,West Bromwich West
Richard Burden,40085,10076,Labour,Birmingham| Northfield
Bob Russell,40180,10521,Liberal Democrat,Colchester
Chris Heaton-Harris,40198,24841,Conservative,Daventry
Malcolm Bruce,40280,10074,Liberal Democrat,Gordon
Bill Wiggin,40442,11318,Conservative,North Herefordshire
Nicola Blackwood,40472,24842,Conservative,Oxford West and Abingdon
Mark Hendrick,40488,10682,Labour,Preston
Robert Buckland,40555,24843,Conservative,South Swindon
Aidan Burley,40143,24844,Conservative,Cannock Chase
Toby Perkins,40165,24845,Labour,Chesterfield
Malcolm Rifkind,40340,11660,Conservative,Kensington
Gavin Shuker,40380,24847,Labour,Luton South
Tom Blenkinsop,40401,24848,Labour,Middlesbrough South and East Cleveland
Dan Byles,40449,24849,Conservative,North Warwickshire
Tristram Hunt,40581,24850,Labour,Stoke-on-Trent Central
Adam Afriyie,40661,11929,Conservative,Windsor
Barbara Keeley,40673,11943,Labour,Worsley and Eccles South
John Mann,40061,11093,Labour,Bassetlaw
Mark Hoban,40256,10964,Conservative,Fareham
Rachel Reeves,40357,24851,Labour,Leeds West
Andrew Robathan,40548,10503,Conservative,South Leicestershire
Valerie Vaz,40628,24852,Labour,Walsall South
Julian Sturdy,40683,24853,Conservative,York Outer
Frank Doran,40036,10174,Labour,Aberdeen North
Sajid Javid,40128,24854,Conservative,Bromsgrove
Fiona Bruce,40182,24857,Conservative,Congleton
Simon Reevell,40205,24858,Conservative,Dewsbury
Nick de Bois,40247,24859,Conservative,Enfield North
James Morris,40291,24855,Conservative,Halesowen and Rowley Regis
Peter Lilley,40318,10362,Conservative,Hitchin and Harpenden
Paul Farrelly,40422,10882,Labour,Newcastle-under-Lyme
Karen Lumley,40495,24856,Conservative,Redditch
Maria Miller,40060,11389,Conservative,Basingstoke
Joe Benton,40102,10039,Labour,Bootle
Mark Field,40172,10884,Conservative,Cities of London and Westminster
Gavin Barwell,40190,24863,Conservative,Croydon Central
Hugh Robertson,40257,11190,Conservative,Faversham and Mid Kent
George Mudie,40354,10450,Labour,Leeds East
Keith Vaz,40358,10614,Labour,Leicester East
Robert Walter,40432,10620,Conservative,North Dorset
Owen Paterson,40444,10473,Conservative,North Shropshire
Shailesh Vara,40450,11475,Conservative,North West Cambridgeshire
Robert Syms,40483,10582,Conservative,Poole
Stuart Andrew,40489,24864,Conservative,Pudsey
Mark Francois,40491,10901,Conservative,Rayleigh and Wickford
Charles Kennedy,40506,10334,Liberal Democrat,Ross| Skye and Lochaber
Jake Berry,40507,24860,Conservative,Rossendale and Darwen
Paul Burstow,40594,10080,Liberal Democrat,Sutton and Cheam
Angela Eagle,40626,10182,Labour,Wallasey
David Winnick,40627,10645,Labour,Walsall North
Stephen Hammond,40659,11927,Conservative,Wimbledon
Pat McFadden,40669,11936,Labour,Wolverhampton South East
Robin Walker,40671,24862,Conservative,Worcester
Duncan Hames,40168,24865,Liberal Democrat,Chippenham
Michael Ellis,40456,24866,Conservative,Northampton North
James Duddridge,40503,11785,Conservative,Rochford and Southend East
Alan Duncan,40515,10179,Conservative,Rutland and Melton
Robert Flello,40583,11843,Labour,Stoke-on-Trent South
Laurence Robertson,40602,10505,Conservative,Tewkesbury
Emma Reynolds,40668,24868,Labour,Wolverhampton North East
John Baron,40059,10715,Conservative,Basildon and Billericay
Frank Field,40079,10197,Labour,Birkenhead
Bernard Jenkin,40303,10312,Conservative,Harwich and North Essex
Annette Brooke,40395,10754,Liberal Democrat,Mid Dorset and North Poole
Edward Balls,40411,11740,Labour,Morley and Outwood
Mark Hunter,40160,12016,Liberal Democrat,Cheadle
David Burrowes,40248,11573,Conservative,Enfield| Southgate
Barry Sheerman,40325,10534,Labour,Huddersfield
Siobhain McDonagh,40405,10381,Labour,Mitcham and Morden
Justin Tomlinson,40446,24870,Conservative,North Swindon
Tony Baldry,40053,10023,Conservative,Banbury
Mike Wood,40063,10650,Labour,Batley and Spen
David Evennett,40078,11408,Conservative,Bexleyheath and Crayford
John Hemming,40088,11420,Liberal Democrat,Birmingham| Yardley
Tracey Crouch,40159,24871,Conservative,Chatham and Aylesford
Gregory Campbell,40229,10780,DUP,East Londonderry
Ian Murray,40240,24872,Labour,Edinburgh South
Caroline Dinenage,40281,24873,Conservative,Gosport
Theresa May,40382,10426,Conservative,Maidenhead
Simon Wright,40459,24874,Liberal Democrat,Norwich South
Sheryll Murray,40546,24875,Conservative,South East Cornwall
Margot James,40585,24876,Conservative,Stourbridge
Hugh Bayley,40682,10029,Labour,York Central
Liam Byrne,40083,11360,Labour,Birmingham| Hodge Hill
David Nuttall,40134,24877,Conservative,Bury North
Ivan Lewis,40135,10357,Labour,Bury South
Edward Garnier,40297,10221,Conservative,Harborough
Andrew Stunell,40307,10578,Liberal Democrat,Hazel Grove
Emily Thornberry,40335,11656,Labour,Islington South and Finsbury
Andy Burnham,40361,10766,Labour,Leigh
Nigel Adams,40523,24878,Conservative,Selby and Ainsty
David Amess,40565,10009,Conservative,Southend West
Karen Buck,40655,10075,Labour,Westminster North
Brandon Lewis,40286,24879,Conservative,Great Yarmouth
Diana Johnson,40345,11647,Labour,Kingston upon Hull North
Fabian Hamilton,40355,10256,Labour,Leeds North East
Mark Pawsey,40510,24880,Conservative,Rugby
Gisela Stuart,40080,10577,Labour,Birmingham| Edgbaston
Julie Hilling,40101,24881,Labour,Bolton West
Louise Ellman,40370,10186,Labour,Liverpool| Riverside
Hazel Blears,40517,10048,Labour,Salford and Eccles
Gary Streeter,40558,10575,Conservative,South West Devon
Esther McVey,40663,24882,Conservative,Wirral West
Jeremy Corbyn,40334,10133,Labour,Islington North
Andrew Rosindell,40504,11199,Conservative,Romford
John Denham,40563,10167,Labour,Southampton| Itchen
Graham Evans,40640,24883,Conservative,Weaver Vale
Jonathan Evans,40146,22650,Conservative,Cardiff North
Hilary Benn,40353,10669,Labour,Leeds Central
Alan Whitehead,40564,10630,Labour,Southampton| Test
Jonathan Lord,40666,24884,Conservative,Woking
Paul Uppal,40670,24886,Conservative,Wolverhampton South West
Clive Betts,40526,10045,Labour,Sheffield South East
Ann Coffey,40578,10122,Labour,Stockport
John Redwood,40667,10499,Conservative,Wokingham
Jason McCartney,40181,24887,Conservative,Colne Valley
Stephen McPartland,40576,24888,Conservative,Stevenage
Mike Weatherley,40324,24889,Conservative,Hove
Mary Creagh,40625,11898,Labour,Wakefield
Stephen McCabe,40087,10377,Labour,Birmingham| Selly Oak
Charlotte Leslie,40123,24891,Conservative,Bristol North West
Julian Huppert,40142,24892,Liberal Democrat,Cambridge
Alec Shelbrooke,40245,24893,Conservative,Elmet and Rothwell
Maria Eagle,40267,10183,Labour,Garston and Halewood
Andy Slaughter,40295,11559,Labour,Hammersmith
Edward Davey,40343,10155,Liberal Democrat,Kingston and Surbiton
Jo Johnson,40470,24895,Conservative,Orpington
David Blunkett,40527,10050,Labour,Sheffield| Brightside and Hillsborough
Dave Watts,40570,10625,Labour,St Helens North
Shaun Woodward,40571,10651,Labour,St Helens South and Whiston
Kate Green,40589,24896,Labour,Stretford and Urmston
Alison McGovern,40662,24897,Labour,Wirral South
Greg Mulholland,40356,11672,Liberal Democrat,Leeds North West
Oliver Colvile,40481,24898,Conservative,Plymouth| Sutton and Devonport
Mark Reckless,40502,24899,Conservative,Rochester and Strood
Philip Davies,40531,11816,Conservative,Shipley
Simon Kirby,40120,24900,Conservative,Brighton| Kemptown
Geoffrey Robinson,40186,10506,Labour,Coventry North West
Richard Ottaway,40192,10468,Conservative,Croydon South
Caroline Spelman,40391,10559,Conservative,Meriden
Steve Brine,40660,24901,Conservative,Winchester
Graham Brady,40041,10062,Conservative,Altrincham and Sale West
Lee Scott,40328,11651,Conservative,Ilford North
Alok Sharma,40493,24902,Conservative,Reading West
Richard Drax,40543,24903,Conservative,South Dorset
Peter Aldous,40638,24904,Conservative,Waveney
Khalid Mahmood,40086,11087,Labour,Birmingham| Perry Barr
Dawn Primarolo,40124,10489,Labour,Bristol South
Nicholas Soames,40397,10555,Conservative,Mid Sussex
Bill Esterson,40522,24905,Labour,Sefton Central
Meg Munn,40529,11128,Labour,Sheffield| Heeley
Vincent Cable,40618,10084,Liberal Democrat,Twickenham
Bob Stewart,40066,24907,Conservative,Beckenham
Jim Cunningham,40187,10147,Labour,Coventry South
Mark Spencer,40530,24909,Conservative,Sherwood
Rosie Cooper,40651,11667,Labour,West Lancashire
Caroline Lucas,40121,24910,Green,Brighton| Pavilion
Nigel Dodds,40069,10857,DUP,Belfast North
Zac Goldsmith,40500,24911,Conservative,Richmond Park
Margaret Hodge,40055,10281,Labour,Barking
Nick Herbert,40047,11377,Conservative,Arundel and South Downs
Michael Moore,40074,10439,Liberal Democrat,Berwickshire| Roxburgh and Selkirk
Roger Godsiff,40082,10231,Labour,Birmingham| Hall Green
Mary Macleod,40115,24913,Conservative,Brentford and Isleworth
Bob Neill,40127,13736,Conservative,Bromley and Chislehurst
Harriet Harman,40140,10260,Labour,Camberwell and Peckham
Mel Stride,40155,24914,Conservative,Central Devon
Greg Hands,40162,11610,Conservative,Chelsea and Fulham
Bob Ainsworth,40185,10005,Labour,Coventry North East
Claire Perry,40204,24915,Conservative,Devizes
Alistair Burt,40435,10770,Conservative,North East Bedfordshire
Stephen Barclay,40436,24916,Conservative,North East Cambridgeshire
Pat Glass,40451,24917,Labour,North West Durham
James Paice,40545,10470,Conservative,South East Cambridgeshire
Gemma Doyle,40649,24918,Labour,West Dunbartonshire
Ian Mearns,40268,24919,Labour,Gateshead
Rehman Chishti,40270,24920,Conservative,Gillingham and Rainham
Richard Graham,40279,24921,Conservative,Gloucester
Gareth Thomas,40301,10594,Labour,Harrow West
Jon Trickett,40309,10604,Labour,Hemsworth
Angela Watkinson,40320,11308,Conservative,Hornchurch and Upminster
Francis Maude,40322,10423,Conservative,Horsham
Ben Gummer,40332,24922,Conservative,Ipswich
Kris Hopkins,40338,24923,Conservative,Keighley
Luciana Berger,40372,24924,Labour,Liverpool| Wavertree
Stephen Twigg,40373,10611,Labour,Liverpool| West Derby
Philip Dunne,40378,11696,Conservative,Ludlow
Oliver Heald,40440,10267,Conservative,North East Hertfordshire
George Young,40452,10659,Conservative,North West Hampshire
David Gauke,40559,11633,Conservative,South West Hertfordshire
Peter Luff,40399,10373,Conservative,Mid Worcestershire
Jacob Rees-Mogg,40441,24926,Conservative,North East Somerset
Mary Glindon,40448,24927,Labour,North Tyneside
Michael Meacher,40468,10427,Labour,Oldham West and Royton
Mike Hancock,40486,10258,Liberal Democrat,Portsmouth South
Stephen Gilbert,40569,24928,Liberal Democrat,St Austell and Newquay
Jonathan Reynolds,40575,24929,Labour,Stalybridge and Hyde
James Wharton,40580,24930,Conservative,Stockton South
William Cash,40584,10095,Conservative,Stone
John Randall,40621,10660,Conservative,Uxbridge and South Ruislip
Helen Jones,40633,10319,Labour,Warrington North
David Mowat,40634,24932,Conservative,Warrington South
David Heyes,40050,10961,Labour,Ashton-under-Lyne
Simon Hughes,40072,10298,Liberal Democrat,Bermondsey and Old Southwark
Graham Stringer,40091,10576,Labour,Blackley and Broughton
George Eustice,40141,24933,Conservative,Camborne and Redruth
Theresa Villiers,40169,11500,Conservative,Chipping Barnet
Andrew Gwynne,40200,11531,Labour,Denton and Reddish
Tim Loughton,40233,10371,Conservative,East Worthing and Shoreham
Mike Freer,40261,24934,Conservative,Finchley and Golders Green
Linda Riordan,40292,11607,Labour,Halifax
Frank Dobson,40319,10171,Labour,Holborn and St Pancras
Lynne Featherstone,40321,11641,Liberal Democrat,Hornsey and Wood Green
Steve Rotheram,40371,24935,Labour,Liverpool| Walton
George Hollingbery,40390,24936,Conservative,Meon Valley
Yvette Cooper,40427,10131,Labour,Normanton| Pontefract and Castleford
Dan Rogerson,40430,11513,Liberal Democrat,North Cornwall
Henry Bellingham,40454,10726,Conservative,North West Norfolk
Alistair Carmichael,40469,10785,Liberal Democrat,Orkney and Shetland
Angela Smith,40476,11814,Labour,Penistone and Stocksbridge
Penny Mordaunt,40485,24938,Conservative,Portsmouth North
Rob Wilson,40492,11773,Conservative,Reading East
Nick Hurd,40511,11792,Conservative,Ruislip| Northwood and Pinner
Nicholas Clegg,40528,11812,Liberal Democrat,Sheffield| Hallam
Fiona Mactaggart,40536,10402,Labour,Slough
Elizabeth Truss,40560,24941,Conservative,South West Norfolk
David Lammy,40615,10678,Labour,Tottenham
Tessa Munt,40642,24942,Liberal Democrat,Wells
Mike Gapes,40329,10219,Labour,Ilford South
Paul Blomfield,40525,24943,Labour,Sheffield Central
Craig Whittaker,40139,24944,Conservative,Calder Valley
Bob Blackman,40300,24945,Conservative,Harrow East
Peter Bottomley,40674,10057,Conservative,Worthing West
David Ward,40108,24946,Liberal Democrat,Bradford East
Gerry Sutcliffe,40109,10579,Labour,Bradford South
Iain Duncan Smith,40167,10180,Conservative,Chingford and Woodford Green
Jon Cruddas,40195,10828,Labour,Dagenham and Rainham
Gerald Kaufman,40387,10327,Labour,Manchester| Gorton
Lorely Burt,40537,11823,Liberal Democrat,Solihull
Lindsay Hoyle,40170,10295,Labour,Chorley
Iain Stewart,40404,24947,Conservative,Milton Keynes South
Alan Campbell,40619,10086,Labour,Tynemouth
Stephen Pound,40220,10484,Labour,Ealing North
Clive Efford,40246,10185,Labour,Eltham
Sarah Newton,40616,24948,Conservative,Truro and Falmouth
Tessa Jowell,40212,10326,Labour,Dulwich and West Norwood
Nick Raynsford,40287,10498,Labour,Greenwich and Woolwich
Virendra Sharma,40221,13934,Labour,Ealing| Southall
Stella Creasy,40629,24949,Labour,Walthamstow
Mark Lancaster,40403,11715,Conservative,Milton Keynes North
John Leech,40388,11707,Liberal Democrat,Manchester| Withington
Chuka Umunna,40588,24950,Labour,Streatham
Angie Bray,40219,24952,Conservative,Ealing Central and Acton
Glenda Jackson,40296,10308,Labour,Hampstead and Kilburn
John Cryer,40366,10143,Labour,Leyton and Wanstead
Kate Hoey,40624,10282,Labour,Vauxhall
Heidi Alexander,40363,24953,Labour,Lewisham East
Richard Harrington,40637,24954,Conservative,Watford
John McDonnell,40306,10383,Labour,Hayes and Harlington
Stephen Timms,40226,10596,Labour,East Ham
Matthew Offord,40310,24955,Conservative,Hendon
Jim Dowd,40364,10176,Labour,Lewisham West and Penge
Lyn Brown,40650,11921,Labour,West Ham
Paul Goggins,40679,10232,Labour,Wythenshawe and Sale East
Joan Ruddock,40365,10519,Labour,Lewisham| Deptford
James Brokenshire,40466,11640,Conservative,Old Bexley and Sidcup
Teresa Pearce,40252,24956,Labour,Erith and Thamesmead
Jackie Doyle-Price,40607,24957,Conservative,Thurrock
Barry Gardiner,40114,10220,Labour,Brent North
Jim Fitzpatrick,40484,10199,Labour,Poplar and Limehouse
Andrew Miller,40244,10435,Labour,Ellesmere Port and Neston
Sarah Teather,40113,11350,Liberal Democrat,Brent Central
Rushanara Ali,40075,24958,Labour,Bethnal Green and Bow
James Arbuthnot,40439,10013,Conservative,North East Hampshire
Chris White,40635,24959,Conservative,Warwick and Leamington
Alan Haselhurst,40516,10263,Conservative,Saffron Walden
Alan Beith,40073,10034,Liberal Democrat,Berwick-upon-Tweed
Jeremy Wright,40339,11791,Conservative,Kenilworth and Southam
Chloe Smith,40458,24691,Conservative,Norwich North
Julian Smith,40534,24961,Conservative,Skipton and Ripon
Alan Reid,40046,11185,Liberal Democrat,Argyll and Bute
Jamie Reed,40183,11511,Labour,Copeland
Jonathan Djanogly,40326,10854,Conservative,Huntingdon
Keith Simpson,40126,10542,Conservative,Broadland
Ronnie Campbell,40096,10089,Labour,Blyth Valley
John Bercow,40131,10040,Speaker,Buckingham
Martin Horwood,40163,11494,Liberal Democrat,Cheltenham
Guy Opperman,40315,24962,Conservative,Hexham
Ian Lavery,40630,24963,Labour,Wansbeck
Tim Farron,40656,11923,Liberal Democrat,Westmorland and Lonsdale
Diane Abbott,40289,10001,Labour,Hackney North and Stoke Newington
Rory Stewart,40477,24964,Conservative,Penrith and The Border
Michelle Gildernew,40259,10913,Sinn Fein,Fermanagh and South Tyrone
Meg Hillier,40290,11605,Labour,Hackney South and Shoreditch
Andrew George,40572,10222,Liberal Democrat,St Ives
Nigel Mills,40043,24965,Conservative,Amber Valley
David Morris,40410,24966,Conservative,Morecambe and Lunesdale
Ian Austin,40210,11553,Labour,Dudley North
Eric Ollerenshaw,40352,24967,Conservative,Lancaster and Fleetwood
Geoffrey Cox,40613,11541,Conservative,Torridge and West Devon
Anne McIntosh,40605,10389,Conservative,Thirsk and Malton
Debbie Abrahams,40684,25034,Labour,Oldham East and Saddleworth
Dan Jarvis,40685,25067,Labour,Barnsley Central
Jonathan Ashworth,40686,25120,Labour,Leicester South
Paul Maskey,40687,13904,Sinn Fein,Belfast West
Iain McKenzie,40688,25145,Labour,Inverclyde
Seema Malhotra,40689,25150,Labour,Feltham and Heston
George Galloway,40690,10218,Respect,Bradford West
Lucy Powell,40691,25165,Labour,Manchester Central
Stephen Doughty,40692,25166,Labour,Cardiff South and Penarth
Andrew Sawford,40693,25167,Labour,Corby
